{
    "parent": "block/ladder",
    "display": {
		"thirdperson_righthand": {
			"rotation": [9, 0, 0],
			"translation": [0, 1.25, -1.25],
			"scale": [0.375, 0.375, 0.375]
		},
		"thirdperson_lefthand": {
			"rotation": [9, 0, 0],
			"translation": [0, 1.25, -1.25],
			"scale": [0.375, 0.375, 0.375]
		},
		"firstperson_righthand": {
			"rotation": [-16, 9.5, 0],
			"translation": [-0.25, 3, 0],
			"scale": [0.4, 0.4, 0.4]
		},
		"firstperson_lefthand": {
			"rotation": [-16, 9.5, 0],
			"translation": [-0.25, 3, 0],
			"scale": [0.4, 0.4, 0.4]
		},
		"ground": {
			"translation": [0, 5, 0],
			"scale": [0.5, 0.5, 0.5]
		},
		"gui": {
			"rotation": [30, 225, 0],
			"translation": [4, -2, 0],
			"scale": [0.75, 0.75, 0.75]
		},
		"head": {
			"translation": [0, 3, -7]
		},
		"fixed": {
			"translation": [0, 0, -7.75]
		}
	}
}